,loss,accuracy,precision,recall
0,1.0839970111846924,0.6667550802230835,0.6603773832321167,0.0005462690023705363
1,1.0509878396987915,0.6665678024291992,0.3207547068595886,0.0002653306582942605
2,1.0236356258392334,0.6665158271789551,0.24561403691768646,0.0002185075863962993
3,0.9998953938484192,0.6664949655532837,0.29629629850387573,0.00037458445876836777
4,0.9786705374717712,0.6665677428245544,0.4112149477005005,0.0006867381744086742
5,0.959187388420105,0.6666771173477173,0.5081967115402222,0.0009676764602772892
6,0.9407616853713989,0.6670413017272949,0.6935483813285828,0.002013391349464655
7,0.923044741153717,0.6686437129974365,0.8799999952316284,0.006867381278425455
8,0.905913770198822,0.6721919775009155,0.950764000415802,0.017480608075857162
9,0.8891807794570923,0.6762133240699768,0.9669210910797119,0.029654601588845253
10,0.8726726770401001,0.6828987002372742,0.9797047972679138,0.049726083874702454
11,0.8562335968017578,0.6913164258003235,0.9811128973960876,0.07540072500705719
12,0.8397406339645386,0.7005769610404968,0.9787015318870544,0.10399400442838669
13,0.8231420516967773,0.7115805149078369,0.9725232720375061,0.13865867257118225
14,0.8063840866088867,0.7245450019836426,0.9664570093154907,0.1798785775899887
15,0.789363443851471,0.7379000782966614,0.9584170579910278,0.2233927994966507
16,0.7720732092857361,0.7540802359580994,0.9522502422332764,0.2760843336582184
17,0.7545527815818787,0.7722891569137573,0.9476538896560669,0.3353935480117798
18,0.7367214560508728,0.7952793836593628,0.9459215402603149,0.4092335104942322
19,0.7186487913131714,0.8270511031150818,0.9479251503944397,0.5091226696968079
20,0.7003044486045837,0.8624286651611328,0.9491715431213379,0.6205147504806519
21,0.6817006468772888,0.8841701745986938,0.9483709335327148,0.6900781989097595
22,0.6628970503807068,0.8979828357696533,0.9465849995613098,0.7354497313499451
23,0.6438135504722595,0.9068480730056763,0.9443995356559753,0.7656193971633911
24,0.6245684623718262,0.9145480394363403,0.9426586031913757,0.79180908203125
25,0.6051658391952515,0.9214047789573669,0.9416901469230652,0.8146587610244751
26,0.5856031775474548,0.9264982342720032,0.9403911828994751,0.8322486281394958
27,0.5659673810005188,0.9301347136497498,0.9390975832939148,0.8452185988426208
28,0.5462510585784912,0.9329596757888794,0.9376656413078308,0.8557693958282471
29,0.5265548825263977,0.9350876212120056,0.9365417957305908,0.8637917041778564
30,0.5069443583488464,0.9372051954269409,0.9365649819374084,0.8705810904502869
31,0.4875035285949707,0.9386773109436035,0.9358597993850708,0.8760749697685242
32,0.46830326318740845,0.940721869468689,0.9358441829681396,0.8826770186424255
33,0.44944050908088684,0.9423867464065552,0.9359094500541687,0.8879680633544922
34,0.4309922456741333,0.9442857503890991,0.9364489912986755,0.8934931755065918
35,0.41303449869155884,0.9460493326187134,0.9372974634170532,0.8982378840446472
36,0.3955685794353485,0.947964072227478,0.9386510252952576,0.9029045701026917
37,0.3786632716655731,0.9499253034591675,0.9402878880500793,0.907399594783783
38,0.36243125796318054,0.9517462253570557,0.9419317245483398,0.9114263653755188
39,0.3468005657196045,0.9533641338348389,0.9433172941207886,0.9150785803794861
40,0.33186089992523193,0.9547587037086487,0.9446433782577515,0.9180752635002136
41,0.31760504841804504,0.9560694098472595,0.945736289024353,0.92105633020401
42,0.30402177572250366,0.9577084183692932,0.9476219415664673,0.9242090582847595
43,0.2911224365234375,0.9588788747787476,0.9488978981971741,0.9265346527099609
44,0.2788764536380768,0.960606038570404,0.9512916207313538,0.929406464099884
45,0.26729920506477356,0.9618547558784485,0.9530059695243835,0.9314978718757629
46,0.2563633322715759,0.9631138443946838,0.9545751810073853,0.9337766170501709
47,0.24602636694908142,0.9645653367042542,0.9563422203063965,0.9364455342292786
48,0.23627227544784546,0.9659230709075928,0.9579333066940308,0.9390051364898682
49,0.22704915702342987,0.9675775766372681,0.9599815607070923,0.9420018196105957
50,0.2183333784341812,0.9689561128616333,0.961435854434967,0.9447643756866455
51,0.2101256102323532,0.970241367816925,0.9629341959953308,0.9471836090087891
52,0.202392116189003,0.9713078141212463,0.9642879962921143,0.9490721225738525
53,0.19508177042007446,0.9721453785896301,0.9653947949409485,0.9505080580711365
54,0.18816331028938293,0.9729102253913879,0.9664194583892822,0.95180344581604
55,0.18164502084255219,0.9736593961715698,0.9674122929573059,0.9530832767486572
56,0.17548169195652008,0.974601149559021,0.9686752557754517,0.9546752572059631
57,0.1696457415819168,0.9757663607597351,0.9699131846427917,0.9569852352142334
58,0.1641366332769394,0.9766196608543396,0.9707932472229004,0.9587020874023438
59,0.15890999138355255,0.9776965975761414,0.9718399047851562,0.9609339833259583
60,0.1539643108844757,0.9787163138389587,0.9730731844902039,0.9627912640571594
61,0.1492690145969391,0.9795434474945068,0.9740804433822632,0.9642896056175232
62,0.14483147859573364,0.9802092909812927,0.9747750759124756,0.9656162858009338
63,0.14061780273914337,0.9810730218887329,0.9758279323577881,0.9671770334243774
64,0.13658788800239563,0.9817598462104797,0.9766420722007751,0.9684412479400635
65,0.1327613890171051,0.9822125434875488,0.977154016494751,0.9692996740341187
66,0.1291159838438034,0.9828940629959106,0.9777261018753052,0.9707980155944824
67,0.12565648555755615,0.9833570718765259,0.978252649307251,0.9716720581054688
68,0.12236013263463974,0.9839606285095215,0.9789834022521973,0.9727646112442017
69,0.11922232806682587,0.9843769073486328,0.9795213341712952,0.9734825491905212
70,0.11622048914432526,0.9848449230194092,0.9801375269889832,0.9742785096168518
71,0.11334368586540222,0.9854536056518555,0.9809881448745728,0.9752618074417114
72,0.11059299856424332,0.9858074188232422,0.9814311861991882,0.9758861064910889
73,0.10796969383955002,0.9862285852432251,0.9820139408111572,0.9765728712081909
74,0.10544180124998093,0.9867439270019531,0.9828287363052368,0.9773064255714417
75,0.10302925854921341,0.9871444702148438,0.9831978678703308,0.9781492352485657
76,0.10072369873523712,0.9875450730323792,0.9837487936019897,0.9788047671318054
77,0.09847767651081085,0.9880081415176392,0.9842872619628906,0.9796631932258606
78,0.0963386744260788,0.9883151650428772,0.984575092792511,0.9803031086921692
79,0.09427861124277115,0.9887366890907288,0.9849135279655457,0.9812395572662354
80,0.09230273962020874,0.9891839027404785,0.985343873500824,0.9821603894233704
81,0.09039891511201859,0.9894909262657166,0.9856612682342529,0.9827691316604614
82,0.08856701105833054,0.9897093176841736,0.9858683347702026,0.983221709728241
83,0.08681119978427887,0.9899070262908936,0.9860895872116089,0.9835963249206543
84,0.08511523902416229,0.9902244210243225,0.9864374399185181,0.9842050075531006
85,0.0834817886352539,0.9903493523597717,0.9865338206291199,0.9844859838485718
86,0.08189913630485535,0.9905730485916138,0.9868624806404114,0.984829306602478
87,0.08038007467985153,0.9906926155090332,0.9869585633277893,0.9850946664810181
88,0.07890817523002625,0.9908486008644104,0.9871169328689575,0.9854068160057068
89,0.07747913151979446,0.9909370541572571,0.9872574806213379,0.9855316877365112
90,0.07610093802213669,0.9910619258880615,0.9873993396759033,0.985765814781189
91,0.074771948158741,0.9912024736404419,0.987480878829956,0.9861091375350952
92,0.07348131388425827,0.9913167357444763,0.9876070618629456,0.9863276481628418
93,0.07222659140825272,0.991410493850708,0.987732470035553,0.9864837527275085
94,0.07101596891880035,0.9914729595184326,0.9878109693527222,0.9865930080413818
95,0.06983490288257599,0.9916186332702637,0.9880145192146301,0.9868271350860596
96,0.0686906948685646,0.9916912913322449,0.988123893737793,0.9869363903999329
97,0.06757628172636032,0.991795539855957,0.988249659538269,0.9871236681938171
98,0.06649201363325119,0.9918422698974609,0.9883275628089905,0.987186074256897
99,0.06543601304292679,0.9919049143791199,0.9884213209152222,0.9872797131538391
100,0.064413882791996,0.9919777512550354,0.9885154366493225,0.9874045848846436
101,0.0634177029132843,0.9920192360877991,0.9885627031326294,0.9874826073646545
102,0.062447287142276764,0.9920453429222107,0.9885788559913635,0.9875450730323792
103,0.06148971989750862,0.9921231865882874,0.9886884093284607,0.9876699447631836
104,0.06056475639343262,0.992154598236084,0.9887047410011292,0.9877479672431946
105,0.05965720862150192,0.9921962022781372,0.9887824654579163,0.987794816493988
106,0.05877571552991867,0.9922482371330261,0.9888758659362793,0.9878572225570679
107,0.05791628733277321,0.9922690987586975,0.9889070987701416,0.9878884553909302
108,0.057069212198257446,0.9923210144042969,0.9889394044876099,0.9880133271217346
109,0.05624464154243469,0.9923574924468994,0.9890016913414001,0.9880601167678833
110,0.05543270707130432,0.9923988580703735,0.9890183806419373,0.9881693720817566
111,0.05464297905564308,0.992425262928009,0.9890497922897339,0.98821622133255
112,0.05387414991855621,0.992451012134552,0.989065945148468,0.9882786273956299
113,0.0531177893280983,0.9925134778022766,0.9891596436500549,0.988372266292572
114,0.052377261221408844,0.9925394654273987,0.9892063140869141,0.9884034991264343
115,0.05165165662765503,0.9925864338874817,0.989268958568573,0.9884815216064453
116,0.05093790963292122,0.992612361907959,0.9893003702163696,0.9885283708572388
117,0.05024214833974838,0.992659330368042,0.9893477559089661,0.9886220097541809
118,0.04955938830971718,0.9927163124084473,0.9894412755966187,0.9887000322341919
119,0.048887141048908234,0.9927631616592407,0.9895192384719849,0.9887624382972717
120,0.04822307452559471,0.9927895069122314,0.9895506501197815,0.9888092875480652
121,0.04757959395647049,0.9928567409515381,0.9896904230117798,0.988871693611145
122,0.04694792255759239,0.9928777813911438,0.9897216558456421,0.9889029264450073
123,0.04632404446601868,0.9929608106613159,0.9898925423622131,0.9889809489250183
124,0.045707814395427704,0.9929869174957275,0.9899392127990723,0.9890121817588806
125,0.0451040118932724,0.9930285215377808,0.9900017380714417,0.9890746474266052
126,0.04451829567551613,0.9931066632270813,0.9900805950164795,0.9892306923866272
127,0.043941326439380646,0.9931533336639404,0.9901585578918457,0.989293098449707
128,0.043375495821237564,0.9932000041007996,0.9902058839797974,0.989386796951294
129,0.04281318932771683,0.9932627081871033,0.9902995824813843,0.9894804358482361
130,0.04226171225309372,0.9932938814163208,0.9903618097305298,0.9895116090774536
131,0.041722360998392105,0.9933304190635681,0.9904240965843201,0.9895584583282471
132,0.04119502753019333,0.9933772683143616,0.990486741065979,0.9896364808082581
133,0.04067624732851982,0.9934030175209045,0.9905181527137756,0.9896833300590515
134,0.04016747698187828,0.9934394359588623,0.9905498027801514,0.9897613525390625
135,0.03966684639453888,0.9934915900230408,0.9906585812568665,0.989808201789856
136,0.03917042165994644,0.9935541749000549,0.9907676577568054,0.9898862242698669
137,0.038679834455251694,0.9936009049415588,0.9908762574195862,0.9899174571037292
138,0.038204822689294815,0.9936683773994446,0.9910622239112854,0.9899330139160156
139,0.03773709386587143,0.9937308430671692,0.9911866784095764,0.9899954795837402
140,0.03727484866976738,0.9938245415687561,0.9913580417633057,0.9901047348976135
141,0.036820635199546814,0.9939181804656982,0.9915754795074463,0.9901671409606934
142,0.036370400339365005,0.9940430521965027,0.9918091893196106,0.990307629108429
143,0.035926226526498795,0.9940743446350098,0.9918253421783447,0.9903856515884399
144,0.03549029305577278,0.9941627383232117,0.9919812679290771,0.9904949069023132
145,0.03506727144122124,0.9942408800125122,0.9920907616615295,0.9906197786331177
146,0.03465217351913452,0.9943397045135498,0.9922623634338379,0.9907446503639221
147,0.03424680605530739,0.994402289390564,0.9923253655433655,0.9908695220947266
148,0.03384274244308472,0.9945008754730225,0.992481529712677,0.9910099506378174
149,0.0334450826048851,0.9945372939109802,0.9925285577774048,0.991072416305542
150,0.033054862171411514,0.9945842027664185,0.9925912022590637,0.991150438785553
151,0.03266986459493637,0.994620680809021,0.9926844239234924,0.9911660552024841
152,0.03229566290974617,0.9946828484535217,0.9927781820297241,0.9912596940994263
153,0.03192341700196266,0.9947871565818787,0.992949903011322,0.9914001822471619
154,0.03156514838337898,0.9948183298110962,0.9930122494697571,0.9914313554763794
155,0.031205466017127037,0.9948650002479553,0.9930594563484192,0.9915250539779663
156,0.0308554545044899,0.9949171543121338,0.9931530356407166,0.9915874600410461
157,0.03050825744867325,0.9949794411659241,0.993246853351593,0.9916810989379883
158,0.030166685581207275,0.9950522780418396,0.9933871030807495,0.9917591214179993
159,0.029828539118170738,0.9950939416885376,0.9934496283531189,0.9918215870857239
160,0.0294945165514946,0.9951770901679993,0.9936209917068481,0.9918996095657349
161,0.02916621044278145,0.9952135682106018,0.9937143325805664,0.991915225982666
162,0.028847521170973778,0.9952759146690369,0.9938235878944397,0.991993248462677
163,0.028534259647130966,0.9952969551086426,0.9938548803329468,0.9920244812965393
164,0.028228063136339188,0.9953699111938477,0.9940106868743896,0.9920868873596191
165,0.0279251579195261,0.9954216480255127,0.9940888285636902,0.9921649694442749
166,0.027627699077129364,0.9954943656921387,0.9941983222961426,0.9922742247581482
167,0.02733568660914898,0.9955935478210449,0.9943546056747437,0.992414653301239
168,0.027047334238886833,0.995692253112793,0.9944954514503479,0.9925707578659058
169,0.026761993765830994,0.9957701563835144,0.9945740699768066,0.9927268028259277
170,0.026481540873646736,0.995843231678009,0.9947144389152527,0.9928048849105835
171,0.02620300091803074,0.9960615634918213,0.9950118660926819,0.9931638240814209
172,0.025929663330316544,0.9961761236190796,0.9951064586639404,0.9934135675430298
173,0.025661593303084373,0.9963476657867432,0.9952637553215027,0.9937725067138672
174,0.025400269776582718,0.9964361190795898,0.9953269362449646,0.9939754605293274
175,0.02514246664941311,0.9964935183525085,0.9953896999359131,0.9940847158432007
176,0.02489004097878933,0.9965246915817261,0.9954365491867065,0.9941315054893494
177,0.024637509137392044,0.9966180920600891,0.9955462217330933,0.9943031668663025
178,0.024391891434788704,0.9966236352920532,0.9955617785453796,0.9943031668663025
179,0.024145977571606636,0.996670126914978,0.9956398606300354,0.9943656325340271
180,0.023906318470835686,0.9967015981674194,0.995671272277832,0.9944280385971069
181,0.023671716451644897,0.9967535138130188,0.9957029223442078,0.9945529103279114
182,0.023437269032001495,0.9968315958976746,0.9957968592643738,0.994693398475647
183,0.023211123421788216,0.9969200491905212,0.9958909749984741,0.9948650598526001
184,0.022982385009527206,0.9969720840454102,0.9959535598754883,0.9949586987495422
185,0.022761270403862,0.9970501661300659,0.9960165023803711,0.9951304197311401
186,0.022543927654623985,0.9970812797546387,0.9960633516311646,0.9951772093772888
187,0.022329995408654213,0.9971123933792114,0.9960637092590332,0.995270848274231
188,0.022118309512734413,0.9972684979438782,0.9962360262870789,0.9955674409866333
189,0.021911291405558586,0.9972894787788391,0.996236264705658,0.9956298470497131
190,0.021704042330384254,0.9973050355911255,0.9962519407272339,0.9956610798835754
191,0.021500416100025177,0.9973572492599487,0.9962990283966064,0.9957703351974487
192,0.021300025284290314,0.9973984956741333,0.9963459968566895,0.9958483576774597
193,0.02110530249774456,0.9974194169044495,0.9963772296905518,0.995879590511322
194,0.020911971107125282,0.9974612593650818,0.9964396953582764,0.9959419965744019
195,0.020717909559607506,0.9975130558013916,0.9964867234230042,0.9960512518882751
196,0.020528128370642662,0.9975286722183228,0.9965023994445801,0.9960824847221375
197,0.020340535789728165,0.9976066946983337,0.9966738224029541,0.9961448907852173
198,0.02015758864581585,0.9976276755332947,0.99668949842453,0.9961917400360107
199,0.019977254793047905,0.9976380467414856,0.9967051148414612,0.9962073564529419
200,0.0197982806712389,0.9976797103881836,0.9967831373214722,0.9962541460990906
201,0.019629955291748047,0.9976953268051147,0.9968298077583313,0.9962541460990906
202,0.01945524476468563,0.9977263808250427,0.9968921542167664,0.9962853789329529
203,0.019283942878246307,0.9977836012840271,0.9969702959060669,0.996379017829895
204,0.019113507121801376,0.9978045225143433,0.9970170855522156,0.9963946342468262
205,0.018946431577205658,0.9978251457214355,0.9970483183860779,0.9964258670806885
206,0.018782945349812508,0.9978773593902588,0.9971108436584473,0.9965195059776306
207,0.0186199638992548,0.9978930354118347,0.9971265196800232,0.9965506792068481
208,0.018458759412169456,0.9979086518287659,0.9971421957015991,0.9965819120407104
209,0.018300380557775497,0.9979450702667236,0.997173547744751,0.9966599345207214
210,0.018146434798836708,0.9979552626609802,0.9971736669540405,0.9966911673545837
211,0.01799321547150612,0.9979711174964905,0.9972048401832581,0.9967067837715149
212,0.017844345420598984,0.9979972243309021,0.9972050189971924,0.9967848062515259
213,0.01769581437110901,0.9980124831199646,0.9972206950187683,0.9968160390853882
214,0.017549393698573112,0.998033344745636,0.997267484664917,0.9968316555023193
215,0.017406560480594635,0.9980646371841431,0.997329831123352,0.9968628287315369
216,0.017265286296606064,0.9980906844139099,0.9973455667495728,0.9969252943992615
217,0.017125271260738373,0.9981321096420288,0.9974080324172974,0.9969877004623413
218,0.01698555052280426,0.998137354850769,0.9974080920219421,0.9970033168792725
219,0.016850199550390244,0.9981790781021118,0.9974705576896667,0.9970657825469971
220,0.01671445183455944,0.9981945157051086,0.9974706172943115,0.9971125721931458
221,0.016581466421484947,0.9982051253318787,0.9974862337112427,0.9971281886100769
222,0.01644950546324253,0.9982103705406189,0.9975018501281738,0.9971281886100769
223,0.01632075011730194,0.9982364177703857,0.9975330829620361,0.9971750378608704
224,0.016193335875868797,0.9982622265815735,0.9975954294204712,0.9971905946731567
225,0.016067443415522575,0.9982622265815735,0.9975954294204712,0.9971905946731567
226,0.01594218611717224,0.9982882142066956,0.9976267218589783,0.9972374439239502
227,0.01582065224647522,0.9983090162277222,0.9976268410682678,0.99729984998703
228,0.015698963776230812,0.9983196258544922,0.997642457485199,0.9973154664039612
229,0.01557874120771885,0.9983559846878052,0.9976893663406372,0.9973779320716858
230,0.01546048279851675,0.9983870983123779,0.9977361559867859,0.9974247217178345
231,0.015342305414378643,0.9984130263328552,0.9977518916130066,0.9974871873855591
232,0.015224171802401543,0.9984391331672668,0.9977986812591553,0.9975183606147766
233,0.015108749270439148,0.9984652996063232,0.9978299736976624,0.9975652098655701
234,0.01499420590698719,0.9984860420227051,0.9978767037391663,0.9975808262825012
235,0.014883092604577541,0.9985120892524719,0.9979079961776733,0.9976276159286499
236,0.014772086404263973,0.9985172748565674,0.9979079961776733,0.997643232345581
237,0.01466318964958191,0.998543381690979,0.9979392886161804,0.9976900815963745
238,0.0145559748634696,0.9985641837120056,0.99793940782547,0.9977524876594543
239,0.014448883011937141,0.9985900521278381,0.9979550838470459,0.997814953327179
240,0.014343912713229656,0.9985953569412231,0.997970700263977,0.997814953327179
241,0.014237388037145138,0.9986160397529602,0.9980019330978394,0.9978461265563965
242,0.014131861738860607,0.9986212849617004,0.9980019330978394,0.9978617429733276
243,0.014030461199581623,0.9986422061920166,0.9980331659317017,0.9978929758071899
244,0.013929877430200577,0.9986527562141418,0.9980332255363464,0.9979241490364075
245,0.013830585405230522,0.9986682534217834,0.998064398765564,0.9979397654533386
246,0.013732744380831718,0.998683750629425,0.9980800151824951,0.9979709982872009
247,0.013634837232530117,0.9987148642539978,0.9981113076210022,0.9980334043502808
248,0.013538651168346405,0.9987044930458069,0.998095691204071,0.9980178475379944
249,0.013443646021187305,0.9987305998802185,0.9981580376625061,0.9980334043502808
250,0.013349686749279499,0.9987409710884094,0.9981580972671509,0.9980646371841431
251,0.013256628066301346,0.9987618327140808,0.9981893301010132,0.9980958700180054
252,0.013165351934731007,0.9987671375274658,0.998189389705658,0.9981114864349365
253,0.013073345646262169,0.9987668991088867,0.998189389705658,0.9981114864349365
254,0.012983481399714947,0.998767077922821,0.998189389705658,0.9981114864349365
255,0.0128944618627429,0.9987876415252686,0.9982361197471619,0.9981271028518677
256,0.012806483544409275,0.9987983107566833,0.9982361793518066,0.9981582760810852
257,0.012719128280878067,0.998803436756134,0.9982517957687378,0.9981582760810852
258,0.01263313740491867,0.9988241195678711,0.998267412185669,0.9982051253318787
259,0.012544883415102959,0.9988293051719666,0.9982674717903137,0.9982207417488098
260,0.012458203360438347,0.998834490776062,0.9982830286026001,0.9982207417488098
261,0.012372625060379505,0.9988606572151184,0.9983142614364624,0.9982675313949585
262,0.01228939276188612,0.9988659620285034,0.9983143210411072,0.9982831478118896
263,0.01220632903277874,0.9988657832145691,0.9983143210411072,0.9982831478118896
264,0.01212265994399786,0.9988709688186646,0.9983298778533936,0.9982831478118896
265,0.012040579691529274,0.9988763928413391,0.9983299374580383,0.9982987642288208
266,0.01196051761507988,0.99887615442276,0.9983454942703247,0.9982831478118896
267,0.011881282553076744,0.9988762140274048,0.9983454942703247,0.9982831478118896
268,0.011804016306996346,0.9988919496536255,0.9983766674995422,0.9982987642288208
269,0.011726113967597485,0.9988968372344971,0.998376727104187,0.998314380645752
270,0.011649432592093945,0.9989021420478821,0.998376727104187,0.9983299970626831
271,0.011571497656404972,0.9989227652549744,0.9984079599380493,0.9983611702919006
272,0.011496094986796379,0.998912513256073,0.9983923435211182,0.9983456134796143
273,0.011421768926084042,0.9989178776741028,0.9983923435211182,0.9983611702919006
274,0.01134808361530304,0.9989282488822937,0.9984079599380493,0.9983767867088318
275,0.01127269770950079,0.9989490509033203,0.998454749584198,0.9983924031257629
276,0.01120042335242033,0.9989437460899353,0.9984391331672668,0.9983924031257629
277,0.011128710582852364,0.9989541172981262,0.998454749584198,0.9984080195426941
278,0.011054778471589088,0.998959481716156,0.9984548091888428,0.9984236359596252
279,0.010984202846884727,0.9989593029022217,0.9984548091888428,0.9984236359596252
280,0.0109142130240798,0.9989597201347351,0.9984548091888428,0.9984236359596252
281,0.010844940319657326,0.9989698529243469,0.9984859824180603,0.9984236359596252
282,0.010776914656162262,0.9989750385284424,0.9985015392303467,0.9984236359596252
283,0.010709707625210285,0.9989802837371826,0.9985015392303467,0.9984392523765564
284,0.0106414295732975,0.9989801645278931,0.9985015392303467,0.9984392523765564
285,0.010573850013315678,0.998995840549469,0.9985172152519226,0.9984704256057739
286,0.010507410392165184,0.9990114569664001,0.9985483884811401,0.9984860420227051
287,0.010441969148814678,0.9990060329437256,0.9985328316688538,0.9984860420227051
288,0.010376492515206337,0.9990113377571106,0.9985483884811401,0.9984860420227051
289,0.01031021773815155,0.9990321397781372,0.9985640645027161,0.9985328912734985
290,0.010245896875858307,0.999032199382782,0.9985640645027161,0.9985328912734985
291,0.010183228179812431,0.999037504196167,0.9985796213150024,0.9985328912734985
292,0.010120467282831669,0.9990478754043579,0.99861079454422,0.9985328912734985
293,0.01005698461085558,0.9990478157997131,0.99861079454422,0.9985328912734985
294,0.009995745494961739,0.9990477561950684,0.99861079454422,0.9985328912734985
295,0.00993463583290577,0.9990478754043579,0.99861079454422,0.9985328912734985
296,0.009874360635876656,0.9990479946136475,0.99861079454422,0.9985328912734985
297,0.009811501950025558,0.9990478754043579,0.99861079454422,0.9985328912734985
298,0.009751347824931145,0.9990530014038086,0.9986264109611511,0.9985328912734985
299,0.009691545739769936,0.9990531206130981,0.9986264109611511,0.9985328912734985
300,0.009633158333599567,0.9990531802177429,0.9986264109611511,0.9985328912734985
301,0.009575344622135162,0.9990530610084534,0.9986264109611511,0.9985328912734985
302,0.009517285041511059,0.9990532398223877,0.9986264109611511,0.9985328912734985
303,0.009459896013140678,0.9990530014038086,0.9986264109611511,0.9985328912734985
304,0.009403510950505733,0.9990529417991638,0.9986264109611511,0.9985328912734985
305,0.009347609244287014,0.9990531206130981,0.9986264109611511,0.9985328912734985
306,0.009291798807680607,0.9990531206130981,0.9986264109611511,0.9985328912734985
307,0.009237096644937992,0.999052882194519,0.9986264109611511,0.9985328912734985
308,0.009182628244161606,0.9990634918212891,0.9986420273780823,0.9985485076904297
309,0.009128074161708355,0.9990634918212891,0.9986420273780823,0.9985485076904297
310,0.009073573164641857,0.9990635514259338,0.9986420273780823,0.9985485076904297
311,0.009020787663757801,0.9990634322166443,0.9986420273780823,0.9985485076904297
312,0.008968115784227848,0.9990634322166443,0.9986420273780823,0.9985485076904297
313,0.008915303274989128,0.9990634918212891,0.9986420273780823,0.9985485076904297
314,0.008862895891070366,0.9990636110305786,0.9986420273780823,0.9985485076904297
315,0.008811063133180141,0.9990686178207397,0.9986575841903687,0.9985485076904297
316,0.008760124444961548,0.9990686774253845,0.9986575841903687,0.9985485076904297
317,0.008709230460226536,0.9990684986114502,0.9986575841903687,0.9985485076904297
318,0.008656523190438747,0.999068558216095,0.9986575841903687,0.9985485076904297
319,0.008606567047536373,0.9990687370300293,0.9986575841903687,0.9985485076904297
320,0.008556773886084557,0.9990738034248352,0.9986732006072998,0.9985485076904297
321,0.00850763637572527,0.9990739226341248,0.9986732006072998,0.9985485076904297
322,0.008459297008812428,0.9990741014480591,0.9986732006072998,0.9985485076904297
323,0.008410592563450336,0.9990791082382202,0.9986732006072998,0.9985640645027161
324,0.00836250837892294,0.9990791082382202,0.9986732006072998,0.9985640645027161
325,0.008314966224133968,0.9990789294242859,0.9986732006072998,0.9985640645027161
326,0.008267474360764027,0.9990842342376709,0.998688817024231,0.9985640645027161
327,0.008220785297453403,0.9990842342376709,0.998688817024231,0.9985640645027161
328,0.008173834532499313,0.999079167842865,0.9986732006072998,0.9985640645027161
329,0.008127976208925247,0.99908447265625,0.998688817024231,0.9985640645027161
330,0.008081691339612007,0.9990843534469604,0.998688817024231,0.9985640645027161
331,0.008036882616579533,0.9990843534469604,0.998688817024231,0.9985640645027161
332,0.007991503924131393,0.9990841746330261,0.998688817024231,0.9985640645027161
333,0.007946515455842018,0.9990842342376709,0.998688817024231,0.9985640645027161
334,0.007901891134679317,0.9990895390510559,0.998688817024231,0.9985796809196472
335,0.007857857272028923,0.9990894794464111,0.998688817024231,0.9985796809196472
336,0.007814139127731323,0.9990895390510559,0.998688817024231,0.9985796809196472
337,0.007770503405481577,0.9990895390510559,0.998688817024231,0.9985796809196472
338,0.007727508898824453,0.9990895390510559,0.998688817024231,0.9985796809196472
339,0.0076849921606481075,0.9990894794464111,0.998688817024231,0.9985796809196472
340,0.007642386481165886,0.9990895390510559,0.998688817024231,0.9985796809196472
341,0.007599939126521349,0.9990894794464111,0.998688817024231,0.9985796809196472
342,0.007558260578662157,0.9990893602371216,0.998688817024231,0.9985796809196472
343,0.0075165340676903725,0.9990894794464111,0.998688817024231,0.9985796809196472
344,0.007475066464394331,0.9990895390510559,0.998688817024231,0.9985796809196472
345,0.007434719707816839,0.9990894794464111,0.998688817024231,0.9985796809196472
346,0.007393816020339727,0.9990893006324768,0.998688817024231,0.9985796809196472
347,0.007353526074439287,0.9990894794464111,0.998688817024231,0.9985796809196472
348,0.00731361098587513,0.9990895986557007,0.998688817024231,0.9985796809196472
349,0.0072728851810097694,0.9991001486778259,0.9987044334411621,0.9985952973365784
350,0.00723364157602191,0.999099850654602,0.9987044334411621,0.9985952973365784
351,0.007194914855062962,0.9990997910499573,0.9987044334411621,0.9985952973365784
352,0.007155932020395994,0.9990947246551514,0.9987043738365173,0.9985796809196472
353,0.00711659574881196,0.9991051554679871,0.9987199902534485,0.9985952973365784
354,0.007078251335769892,0.9991156458854675,0.9987356066703796,0.9986109137535095
355,0.007040716242045164,0.9991207122802734,0.9987356662750244,0.9986265301704407
356,0.007003074511885643,0.9991206526756287,0.9987356662750244,0.9986265301704407
357,0.006965826731175184,0.9991205334663391,0.9987356662750244,0.9986265301704407
358,0.0069281356409192085,0.9991259574890137,0.9987356662750244,0.9986421465873718
359,0.006891218479722738,0.9991257786750793,0.9987356662750244,0.9986421465873718
360,0.006854602601379156,0.9991312026977539,0.9987356662750244,0.998657763004303
361,0.006818850990384817,0.999136209487915,0.9987357258796692,0.9986733198165894
362,0.006782356183975935,0.9991363883018494,0.9987357258796692,0.9986733198165894
363,0.006746222730726004,0.9991363883018494,0.9987357258796692,0.9986733198165894
364,0.006711071822792292,0.999136209487915,0.9987357258796692,0.9986733198165894
365,0.006675948388874531,0.9991363286972046,0.9987357258796692,0.9986733198165894
366,0.0066409120336174965,0.9991415739059448,0.9987512826919556,0.9986733198165894
367,0.006604537833482027,0.9991623163223267,0.9987669587135315,0.9987201690673828
368,0.006569810211658478,0.999157190322876,0.9987668991088867,0.9987045526504517
369,0.00653479341417551,0.9991623163223267,0.9987825155258179,0.9987045526504517
370,0.006500943098217249,0.9991777539253235,0.9988136887550354,0.9987201690673828
371,0.006466914899647236,0.9991779327392578,0.9988136887550354,0.9987201690673828
372,0.00643344409763813,0.9991986751556396,0.9988449215888977,0.9987514019012451
373,0.0063997902907431126,0.9992039203643799,0.9988605380058289,0.9987514019012451
374,0.0063669257797300816,0.9992300271987915,0.99887615442276,0.998813807964325
375,0.00633400259539485,0.999229907989502,0.99887615442276,0.998813807964325
376,0.006301868241280317,0.999240517616272,0.9989073872566223,0.998813807964325
377,0.006269549485296011,0.9992350935935974,0.9988917708396912,0.998813807964325
378,0.006237117573618889,0.9992403984069824,0.9989073872566223,0.998813807964325
379,0.006205282639712095,0.9992663264274597,0.9989230036735535,0.9988762736320496
380,0.006173968780785799,0.9992664456367493,0.9989230036735535,0.9988762736320496
381,0.006142711266875267,0.9992716908454895,0.9989230632781982,0.9988918304443359
382,0.0061113061383366585,0.9992715120315552,0.9989230632781982,0.9988918304443359
383,0.0060790651477873325,0.9992870092391968,0.9989542365074158,0.9989074468612671
384,0.006048380862921476,0.9992871880531311,0.9989542365074158,0.9989074468612671
385,0.006017090752720833,0.9993078708648682,0.9990010261535645,0.9989230632781982
386,0.005987000185996294,0.9993029236793518,0.9989854097366333,0.9989230632781982
387,0.005956329870969057,0.9993078708648682,0.9990010261535645,0.9989230632781982
388,0.005926988553255796,0.9993235468864441,0.9990010857582092,0.9989699125289917
389,0.005897350609302521,0.9993234872817993,0.9990010857582092,0.9989699125289917
390,0.0058676800690591335,0.9993237257003784,0.9990010857582092,0.9989699125289917
391,0.0058385939337313175,0.9993236064910889,0.9990010857582092,0.9989699125289917
392,0.0058095408603549,0.9993237853050232,0.9990010857582092,0.9989699125289917
393,0.005780783016234636,0.9993233680725098,0.9990010857582092,0.9989699125289917
394,0.0057522933930158615,0.9993287920951843,0.9990166425704956,0.9989699125289917
395,0.0057239048182964325,0.9993288516998291,0.9990166425704956,0.9989699125289917
396,0.005695538129657507,0.9993339776992798,0.9990167021751404,0.9989855289459229
397,0.005667553283274174,0.99933922290802,0.9990322589874268,0.9989855289459229
398,0.005639512557536364,0.9993496537208557,0.9990478754043579,0.9990010857582092
399,0.0056118289940059185,0.9993444085121155,0.9990323185920715,0.9990010857582092
400,0.005583725869655609,0.9993600249290466,0.9990479350090027,0.9990323185920715
401,0.005556176882237196,0.9993599057197571,0.9990479350090027,0.9990323185920715
402,0.005529104731976986,0.9993599653244019,0.9990479350090027,0.9990323185920715
403,0.005502316169440746,0.9993600249290466,0.9990479350090027,0.9990323185920715
404,0.005475438199937344,0.9993651509284973,0.9990634918212891,0.9990323185920715
405,0.005448647774755955,0.9993650913238525,0.9990634918212891,0.9990323185920715
406,0.005422291811555624,0.9993652105331421,0.9990634918212891,0.9990323185920715
407,0.005396053660660982,0.9993650913238525,0.9990634918212891,0.9990323185920715
408,0.005370284430682659,0.9993650317192078,0.9990634918212891,0.9990323185920715
409,0.005344395060092211,0.9993703365325928,0.9990791082382202,0.9990323185920715
410,0.005319156218320131,0.9993652105331421,0.9990634918212891,0.9990323185920715
411,0.0052936323918402195,0.999375581741333,0.9990947246551514,0.9990323185920715
412,0.00526858028024435,0.999380886554718,0.9991102814674377,0.9990323185920715
413,0.005243699997663498,0.9993807077407837,0.9991102814674377,0.9990323185920715
414,0.005218592472374439,0.9993912577629089,0.9991103410720825,0.9990635514259338
415,0.005192613694816828,0.9993912577629089,0.9991103410720825,0.9990635514259338
416,0.005168182775378227,0.9993911385536194,0.9991103410720825,0.9990635514259338
417,0.005144129507243633,0.9993911981582642,0.9991103410720825,0.9990635514259338
418,0.005119725596159697,0.9993912577629089,0.9991103410720825,0.9990635514259338
419,0.005095931701362133,0.9993963241577148,0.9991103410720825,0.999079167842865
420,0.005072253290563822,0.9993913173675537,0.9991103410720825,0.9990635514259338
421,0.005048403516411781,0.9994015693664551,0.9991259574890137,0.999079167842865
422,0.005024971440434456,0.9994016289710999,0.9991259574890137,0.999079167842865
423,0.005001213401556015,0.9994328618049622,0.9991727471351624,0.9991259574890137
424,0.004978143610060215,0.9994329214096069,0.9991727471351624,0.9991259574890137
425,0.004954776261001825,0.9994329214096069,0.9991727471351624,0.9991259574890137
426,0.004932180047035217,0.9994432926177979,0.9991883635520935,0.9991415739059448
427,0.00490966159850359,0.9994434118270874,0.9991883635520935,0.9991415739059448
428,0.004886710084974766,0.9994484186172485,0.9991883635520935,0.999157190322876
429,0.004863977897912264,0.9994535446166992,0.9991883635520935,0.9991728067398071
430,0.004841756075620651,0.9994639158248901,0.9992195963859558,0.9991728067398071
431,0.004819571040570736,0.9994692206382751,0.9992195963859558,0.9991884231567383
432,0.004797575995326042,0.9994744062423706,0.999235212802887,0.9991884231567383
433,0.0047755674459040165,0.9994795918464661,0.999235212802887,0.9992039799690247
434,0.004754320252686739,0.9994795918464661,0.9992507696151733,0.9991884231567383
435,0.004732397850602865,0.9994848370552063,0.999235212802887,0.9992195963859558
436,0.004709962755441666,0.9995108842849731,0.9992820024490356,0.9992508292198181
437,0.0046883923932909966,0.9995161294937134,0.9992820620536804,0.9992664456367493
438,0.004667298402637243,0.9995211958885193,0.9992976188659668,0.9992664456367493
439,0.004646362271159887,0.9995265603065491,0.999313235282898,0.9992664456367493
440,0.004624621942639351,0.9995368719100952,0.999313235282898,0.9992976784706116
441,0.004603779874742031,0.999552309513092,0.9993444681167603,0.999313235282898
442,0.004582951311022043,0.9995524883270264,0.9993444681167603,0.999313235282898
443,0.004562566056847572,0.9995524287223816,0.9993444681167603,0.999313235282898
444,0.004541929345577955,0.9995629191398621,0.9993600845336914,0.9993288516998291
445,0.004521672613918781,0.999573290348053,0.9993757009506226,0.9993444681167603
446,0.004501448478549719,0.9995733499526978,0.9993757009506226,0.9993444681167603
447,0.004481375217437744,0.9995731711387634,0.9993757009506226,0.9993444681167603
448,0.004460765048861504,0.9995837211608887,0.9993912577629089,0.9993600845336914
449,0.0044409423135221004,0.9995940923690796,0.9994068741798401,0.9993757009506226
450,0.004421417135745287,0.9996045827865601,0.9994224905967712,0.9993913173675537
451,0.004401903599500656,0.9996047019958496,0.9994224905967712,0.9993913173675537
452,0.0043824780732393265,0.9996200799942017,0.9994537234306335,0.9994069337844849
453,0.004363854415714741,0.9996201395988464,0.9994537234306335,0.9994069337844849
454,0.004344338085502386,0.9996254444122314,0.9994692802429199,0.9994069337844849
455,0.00432537542656064,0.9996460676193237,0.9994849562644958,0.9994537234306335
456,0.00430671451613307,0.999646008014679,0.9994849562644958,0.9994537234306335
457,0.004287940450012684,0.999656617641449,0.9995005130767822,0.9994693398475647
458,0.004269272554665804,0.9996564984321594,0.9995005130767822,0.9994693398475647
459,0.004250850062817335,0.9996668696403503,0.9995161294937134,0.9994849562644958
460,0.004232544451951981,0.9996721744537354,0.9995161294937134,0.999500572681427
461,0.004214193671941757,0.9996720552444458,0.9995161294937134,0.999500572681427
462,0.004196177702397108,0.9996721148490906,0.9995161294937134,0.999500572681427
463,0.0041778902523219585,0.999671995639801,0.9995161294937134,0.999500572681427
464,0.004160204902291298,0.999677300453186,0.9995317459106445,0.999500572681427
465,0.004142518620938063,0.9996773600578308,0.9995317459106445,0.999500572681427
466,0.0041250200010836124,0.999677300453186,0.9995317459106445,0.999500572681427
467,0.004107161425054073,0.999677300453186,0.9995317459106445,0.999500572681427
468,0.004089738707989454,0.9996772408485413,0.9995317459106445,0.999500572681427
469,0.0040721893310546875,0.9996930360794067,0.9995473623275757,0.9995317459106445
470,0.00405510189011693,0.9996930360794067,0.9995473623275757,0.9995317459106445
471,0.004037913400679827,0.9996928572654724,0.9995473623275757,0.9995317459106445
472,0.004021161235868931,0.9997034072875977,0.9995629787445068,0.9995473623275757
473,0.004004140850156546,0.9997034072875977,0.9995629787445068,0.9995473623275757
474,0.003987402655184269,0.9997084736824036,0.999578595161438,0.9995473623275757
475,0.0039706905372440815,0.9997086524963379,0.999578595161438,0.9995473623275757
476,0.003954271320253611,0.9997084736824036,0.999578595161438,0.9995473623275757
477,0.003937946632504463,0.9997085928916931,0.999578595161438,0.9995473623275757
478,0.0039206030778586864,0.9997085332870483,0.999578595161438,0.9995473623275757
479,0.0039042390417307615,0.9997137784957886,0.999578595161438,0.9995629787445068
480,0.0038878433406352997,0.9997137784957886,0.999578595161438,0.9995629787445068
481,0.0038718432188034058,0.9997137188911438,0.999578595161438,0.9995629787445068
482,0.003855512011796236,0.9997137784957886,0.999578595161438,0.9995629787445068
483,0.003839765442535281,0.9997137784957886,0.999578595161438,0.9995629787445068
484,0.003824162995442748,0.999713659286499,0.999578595161438,0.9995629787445068
485,0.003808672307059169,0.9997241497039795,0.9995942115783691,0.999578595161438
486,0.003792135277763009,0.9997294545173645,0.9995942115783691,0.9995942115783691
487,0.0037765076849609613,0.9997293949127197,0.9995942115783691,0.9995942115783691
488,0.0037611827719956636,0.9997292757034302,0.9995942115783691,0.9995942115783691
489,0.0037459705490618944,0.9997344613075256,0.9996098279953003,0.9995942115783691
490,0.0037309492472559214,0.9997344613075256,0.9996098279953003,0.9995942115783691
491,0.003716037841513753,0.9997344613075256,0.9996098279953003,0.9995942115783691
492,0.0037008984945714474,0.9997345805168152,0.9996098279953003,0.9995942115783691
493,0.0036861286498606205,0.9997397661209106,0.9996253848075867,0.9995942115783691
494,0.0036708987317979336,0.9997398257255554,0.9996253848075867,0.9995942115783691
495,0.0036564322654157877,0.9997397661209106,0.9996253848075867,0.9995942115783691
496,0.0036418454255908728,0.9997501373291016,0.9996410012245178,0.9996098279953003
497,0.0036265552043914795,0.9997501373291016,0.9996410012245178,0.9996098279953003
498,0.003612235886976123,0.9997501373291016,0.9996410012245178,0.9996098279953003
499,0.003597770817577839,0.9997500777244568,0.9996410012245178,0.9996098279953003
500,0.003583460347726941,0.9997501373291016,0.9996410012245178,0.9996098279953003
501,0.0035691396333277225,0.9997502565383911,0.9996410012245178,0.9996098279953003
502,0.0035552019253373146,0.9997500777244568,0.9996410012245178,0.9996098279953003
503,0.003540854202583432,0.9997502565383911,0.9996410012245178,0.9996098279953003
504,0.003526909276843071,0.9997553825378418,0.999656617641449,0.9996098279953003
505,0.00351303955540061,0.9997606873512268,0.999656617641449,0.9996254444122314
506,0.003499243874102831,0.9997605681419373,0.999656617641449,0.9996254444122314
507,0.0034854079131036997,0.9997605681419373,0.999656617641449,0.9996254444122314
508,0.003471819218248129,0.999760627746582,0.999656617641449,0.9996254444122314
509,0.0034582794178277254,0.999760627746582,0.999656617641449,0.9996254444122314
510,0.0034447938669472933,0.9997605681419373,0.999656617641449,0.9996254444122314
511,0.003431669669225812,0.999760627746582,0.999656617641449,0.9996254444122314
512,0.003418309148401022,0.9997603893280029,0.999656617641449,0.9996254444122314
513,0.0034050673712044954,0.9997656941413879,0.999656617641449,0.9996410012245178
514,0.0033919792622327805,0.9997657537460327,0.999656617641449,0.9996410012245178
515,0.0033790806774049997,0.999776303768158,0.9996722340583801,0.999656617641449
516,0.0033661278430372477,0.9997656941413879,0.999656617641449,0.9996410012245178
517,0.003353456035256386,0.9997710585594177,0.9996722340583801,0.9996410012245178
518,0.0033405115827918053,0.9997760653495789,0.9996722340583801,0.999656617641449
519,0.003327917540445924,0.9997760653495789,0.9996722340583801,0.999656617641449
520,0.0033152932301163673,0.9997760653495789,0.9996722340583801,0.999656617641449
521,0.0033028211910277605,0.9997761845588684,0.9996722340583801,0.999656617641449
522,0.0032902604434639215,0.9997760653495789,0.9996722340583801,0.999656617641449
523,0.003277246607467532,0.9997918009757996,0.9996878504753113,0.9996878504753113
524,0.003264846047386527,0.99979168176651,0.9996878504753113,0.9996878504753113
525,0.003252356080338359,0.99979168176651,0.9996878504753113,0.9996878504753113
526,0.0032401010394096375,0.9997918009757996,0.9996878504753113,0.9996878504753113
527,0.0032281598541885614,0.9997918009757996,0.9996878504753113,0.9996878504753113
528,0.0032159723341464996,0.9997918605804443,0.9996878504753113,0.9996878504753113
529,0.0032040427904576063,0.999796986579895,0.9997034668922424,0.9996878504753113
530,0.0031921551562845707,0.9997970461845398,0.9997034668922424,0.9996878504753113
531,0.003180277766659856,0.999796986579895,0.9997034668922424,0.9996878504753113
532,0.003168507944792509,0.9997971057891846,0.9997034668922424,0.9996878504753113
533,0.003156848018988967,0.9997970461845398,0.9997034668922424,0.9996878504753113
534,0.00314513873308897,0.999796986579895,0.9997034668922424,0.9996878504753113
535,0.0031335956882685423,0.9997970461845398,0.9997034668922424,0.9996878504753113
536,0.0031222254037857056,0.9997971057891846,0.9997034668922424,0.9996878504753113
537,0.0031106634996831417,0.9997971057891846,0.9997034668922424,0.9996878504753113
538,0.0030993481632322073,0.9997971057891846,0.9997034668922424,0.9996878504753113
539,0.0030878742691129446,0.9998074173927307,0.9997190833091736,0.9997034668922424
540,0.003076436696574092,0.9998074769973755,0.9997190833091736,0.9997034668922424
541,0.003065268974751234,0.9998127222061157,0.99973464012146,0.9997034668922424
542,0.0030541205778717995,0.9998177886009216,0.99973464012146,0.9997190833091736
543,0.0030430909246206284,0.9998178482055664,0.99973464012146,0.9997190833091736
544,0.0030320652294903994,0.9998178482055664,0.99973464012146,0.9997190833091736
545,0.0030212108977138996,0.9998178482055664,0.99973464012146,0.9997190833091736
546,0.003010457381606102,0.9998178482055664,0.99973464012146,0.9997190833091736
547,0.002999484771862626,0.9998177886009216,0.99973464012146,0.9997190833091736
548,0.002988447668030858,0.9998230934143066,0.9997502565383911,0.9997190833091736
549,0.0029777861200273037,0.9998230338096619,0.9997502565383911,0.9997190833091736
550,0.0029671802185475826,0.9998282194137573,0.9997502565383911,0.99973464012146
551,0.002956516807898879,0.9998283386230469,0.9997502565383911,0.99973464012146
552,0.002946083666756749,0.9998282194137573,0.9997502565383911,0.99973464012146
553,0.0029353913851082325,0.9998282194137573,0.9997502565383911,0.99973464012146
554,0.0029252537060528994,0.9998282790184021,0.9997502565383911,0.99973464012146
555,0.0029147022869437933,0.9998334646224976,0.9997658729553223,0.99973464012146
556,0.0029043438844382763,0.9998335242271423,0.9997658729553223,0.99973464012146
557,0.002894029254093766,0.9998334646224976,0.9997658729553223,0.99973464012146
558,0.0028839597944170237,0.9998335838317871,0.9997658729553223,0.99973464012146
559,0.002873647026717663,0.9998334050178528,0.9997658729553223,0.99973464012146
560,0.00286352657712996,0.9998332858085632,0.9997658729553223,0.99973464012146
561,0.0028537556063383818,0.9998335242271423,0.9997658729553223,0.99973464012146
562,0.002843824913725257,0.9998334646224976,0.9997658729553223,0.99973464012146
563,0.0028339552227407694,0.9998335242271423,0.9997658729553223,0.99973464012146
564,0.0028241220861673355,0.9998334646224976,0.9997658729553223,0.99973464012146
565,0.0028144216630607843,0.9998387694358826,0.9997814893722534,0.99973464012146
566,0.0028047438245266676,0.9998385906219482,0.9997814893722534,0.99973464012146
567,0.0027950264047831297,0.999838650226593,0.9997814893722534,0.99973464012146
568,0.0027853792998939753,0.9998438358306885,0.9997814893722534,0.9997502565383911
569,0.0027758509386330843,0.9998542666435242,0.9997971057891846,0.9997658729553223
570,0.002766217337921262,0.9998542070388794,0.9997971057891846,0.9997658729553223
571,0.002756822621449828,0.999854326248169,0.9997971057891846,0.9997658729553223
572,0.0027476302348077297,0.9998542666435242,0.9997971057891846,0.9997658729553223
573,0.0027379298117011786,0.9998542666435242,0.9997971057891846,0.9997658729553223
574,0.002728752326220274,0.9998542666435242,0.9997971057891846,0.9997658729553223
575,0.002719091484323144,0.9998542070388794,0.9997971057891846,0.9997658729553223
576,0.002709970809519291,0.9998541474342346,0.9997971057891846,0.9997658729553223
577,0.002700753277167678,0.9998542666435242,0.9997971057891846,0.9997658729553223
578,0.0026916172355413437,0.999854326248169,0.9997971057891846,0.9997658729553223
579,0.0026825075037777424,0.9998541474342346,0.9997971057891846,0.9997658729553223
580,0.002673664130270481,0.9998595118522644,0.9997971057891846,0.9997814893722534
581,0.0026645075995475054,0.9998593926429749,0.9997971057891846,0.9997814893722534
582,0.002655735705047846,0.9998593926429749,0.9997971057891846,0.9997814893722534
583,0.0026469891890883446,0.9998594522476196,0.9997971057891846,0.9997814893722534
584,0.002638125093653798,0.9998594522476196,0.9997971057891846,0.9997814893722534
585,0.0026292356196790934,0.9998645782470703,0.9997971057891846,0.9997971057891846
586,0.0026206253096461296,0.9998646378517151,0.9997971057891846,0.9997971057891846
587,0.0026117253582924604,0.9998645782470703,0.9997971057891846,0.9997971057891846
588,0.0026030049193650484,0.9998646378517151,0.9997971057891846,0.9997971057891846
589,0.0025944893714040518,0.9998646378517151,0.9997971057891846,0.9997971057891846
590,0.0025858930312097073,0.9998646974563599,0.9997971057891846,0.9997971057891846
591,0.0025773588567972183,0.9998646378517151,0.9997971057891846,0.9997971057891846
592,0.0025690102484077215,0.9998646378517151,0.9997971057891846,0.9997971057891846
593,0.0025607484858483076,0.9998646378517151,0.9997971057891846,0.9997971057891846
594,0.002552308375015855,0.9998646378517151,0.9997971057891846,0.9997971057891846
595,0.0025441257748752832,0.9998646378517151,0.9997971057891846,0.9997971057891846
596,0.002535707550123334,0.9998697638511658,0.9998127222061157,0.9997971057891846
597,0.0025275021325796843,0.9998698234558105,0.9998127222061157,0.9997971057891846
598,0.002519355621188879,0.9998698234558105,0.9998127222061157,0.9997971057891846
599,0.002511113416403532,0.9998698830604553,0.9998127222061157,0.9997971057891846
600,0.0025028674863278866,0.999880313873291,0.9998283386230469,0.9998127222061157
601,0.002494840882718563,0.9998802542686462,0.9998283386230469,0.9998127222061157
602,0.002486806595697999,0.999880313873291,0.9998283386230469,0.9998127222061157
603,0.002478813985362649,0.999880313873291,0.9998283386230469,0.9998127222061157
604,0.002470844890922308,0.999880313873291,0.9998283386230469,0.9998127222061157
605,0.0024628874380141497,0.999880313873291,0.9998283386230469,0.9998127222061157
606,0.0024551742244511843,0.9998801946640015,0.9998283386230469,0.9998127222061157
607,0.002447274047881365,0.9998802542686462,0.9998283386230469,0.9998127222061157
608,0.0024394048377871513,0.9998854398727417,0.9998438954353333,0.9998127222061157
609,0.0024316117633134127,0.9998855590820312,0.9998438954353333,0.9998127222061157
610,0.0024239171762019396,0.9998854398727417,0.9998438954353333,0.9998127222061157
611,0.0024160207249224186,0.9998854994773865,0.9998438954353333,0.9998127222061157
612,0.0024082926101982594,0.9998854994773865,0.9998438954353333,0.9998127222061157
613,0.0024008159525692463,0.9998854994773865,0.9998438954353333,0.9998127222061157
614,0.0023931844625622034,0.9998853802680969,0.9998438954353333,0.9998127222061157
615,0.0023857790511101484,0.9998854994773865,0.9998438954353333,0.9998127222061157
616,0.00237837852910161,0.9998854398727417,0.9998438954353333,0.9998127222061157
617,0.002370936330407858,0.9998907446861267,0.9998438954353333,0.9998283386230469
618,0.002363415202125907,0.9998906850814819,0.9998438954353333,0.9998283386230469
619,0.0023559818509966135,0.9998906850814819,0.9998438954353333,0.9998283386230469
620,0.0023486651480197906,0.9998906850814819,0.9998438954353333,0.9998283386230469
621,0.002341333543881774,0.9998906850814819,0.9998438954353333,0.9998283386230469
622,0.0023340978659689426,0.9998906850814819,0.9998438954353333,0.9998283386230469
623,0.002326900837942958,0.9998906254768372,0.9998438954353333,0.9998283386230469
624,0.0023197547998279333,0.9998907446861267,0.9998438954353333,0.9998283386230469
625,0.0023127016611397266,0.9998906254768372,0.9998438954353333,0.9998283386230469
626,0.0023055351339280605,0.9998906850814819,0.9998438954353333,0.9998283386230469
627,0.002298411913216114,0.9998907446861267,0.9998438954353333,0.9998283386230469
628,0.0022914335131645203,0.9998906850814819,0.9998438954353333,0.9998283386230469
629,0.00228441646322608,0.9998905658721924,0.9998438954353333,0.9998283386230469
630,0.002277440158650279,0.9998906254768372,0.9998438954353333,0.9998283386230469
631,0.002270518336445093,0.9998906850814819,0.9998438954353333,0.9998283386230469
632,0.0022637394722551107,0.9998908042907715,0.9998438954353333,0.9998283386230469
633,0.0022567156702280045,0.9998906254768372,0.9998438954353333,0.9998283386230469
634,0.0022499479819089174,0.9998906850814819,0.9998438954353333,0.9998283386230469
635,0.002243125345557928,0.9998958110809326,0.9998438954353333,0.9998438954353333
636,0.0022364966571331024,0.9998958706855774,0.9998438954353333,0.9998438954353333
637,0.002229290781542659,0.9999063014984131,0.9998595118522644,0.9998595118522644
638,0.0022224511485546827,0.9999062418937683,0.9998595118522644,0.9998595118522644
639,0.0022156841587275267,0.9999063014984131,0.9998595118522644,0.9998595118522644
640,0.0022090391721576452,0.9999062418937683,0.9998595118522644,0.9998595118522644
641,0.0022024293430149555,0.9999063611030579,0.9998595118522644,0.9998595118522644
642,0.002195775741711259,0.9999062418937683,0.9998595118522644,0.9998595118522644
643,0.0021892189979553223,0.9999062418937683,0.9998595118522644,0.9998595118522644
644,0.0021827544551342726,0.9999063014984131,0.9998595118522644,0.9998595118522644
645,0.002176429145038128,0.9999063611030579,0.9998595118522644,0.9998595118522644
646,0.0021699548233300447,0.9999114871025085,0.9998751282691956,0.9998595118522644
647,0.0021636139135807753,0.9999114871025085,0.9998751282691956,0.9998595118522644
648,0.002157222479581833,0.9999115467071533,0.9998751282691956,0.9998595118522644
649,0.0021506331395357847,0.9999116063117981,0.9998751282691956,0.9998595118522644
650,0.0021441818680614233,0.9999114871025085,0.9998751282691956,0.9998595118522644
651,0.002137936418876052,0.9999114871025085,0.9998751282691956,0.9998595118522644
652,0.002131753833964467,0.9999115467071533,0.9998751282691956,0.9998595118522644
653,0.002125529106706381,0.9999115467071533,0.9998751282691956,0.9998595118522644
654,0.002119261771440506,0.9999116063117981,0.9998751282691956,0.9998595118522644
655,0.002113149967044592,0.9999115467071533,0.9998751282691956,0.9998595118522644
656,0.0021069999784231186,0.9999114871025085,0.9998751282691956,0.9998595118522644
657,0.002101009711623192,0.9999116063117981,0.9998751282691956,0.9998595118522644
658,0.0020948462188243866,0.9999114274978638,0.9998751282691956,0.9998595118522644
659,0.0020887991413474083,0.9999114274978638,0.9998751282691956,0.9998595118522644
660,0.0020827660337090492,0.9999115467071533,0.9998751282691956,0.9998595118522644
661,0.0020768342074006796,0.9999115467071533,0.9998751282691956,0.9998595118522644
662,0.002070922637358308,0.9999115467071533,0.9998751282691956,0.9998595118522644
663,0.0020650471560657024,0.9999114871025085,0.9998751282691956,0.9998595118522644
664,0.0020590240601450205,0.9999167919158936,0.9998907446861267,0.9998595118522644
665,0.0020531422924250364,0.999916672706604,0.9998907446861267,0.9998595118522644
666,0.002047301270067692,0.9999167323112488,0.9998907446861267,0.9998595118522644
667,0.0020415892358869314,0.999921977519989,0.9999063611030579,0.9998595118522644
668,0.00203582807444036,0.999921977519989,0.9999063611030579,0.9998595118522644
669,0.0020298019517213106,0.9999220371246338,0.9999063611030579,0.9998595118522644
670,0.002024003304541111,0.9999271631240845,0.9999063611030579,0.9998751282691956
671,0.002018305007368326,0.9999375939369202,0.999921977519989,0.9998907446861267
672,0.0020125051960349083,0.9999375939369202,0.999921977519989,0.9998907446861267
673,0.002006897237151861,0.9999375939369202,0.999921977519989,0.9998907446861267
674,0.0020012296736240387,0.9999376535415649,0.999921977519989,0.9998907446861267
675,0.00199557445012033,0.9999375343322754,0.999921977519989,0.9998907446861267
676,0.00199006125330925,0.9999375343322754,0.999921977519989,0.9998907446861267
677,0.001984515693038702,0.9999375939369202,0.999921977519989,0.9998907446861267
678,0.0019790034275501966,0.9999375939369202,0.999921977519989,0.9998907446861267
679,0.0019734858069568872,0.9999375343322754,0.999921977519989,0.9998907446861267
680,0.0019676985684782267,0.9999427795410156,0.999921977519989,0.9999063611030579
681,0.0019621667452156544,0.9999427795410156,0.999921977519989,0.9999063611030579
682,0.0019566204864531755,0.9999427795410156,0.999921977519989,0.9999063611030579
683,0.0019511954160407186,0.9999427199363708,0.999921977519989,0.9999063611030579
684,0.0019456724403426051,0.9999427199363708,0.999921977519989,0.9999063611030579
685,0.0019403393380343914,0.9999427795410156,0.999921977519989,0.9999063611030579
686,0.0019349913345649838,0.9999427199363708,0.999921977519989,0.9999063611030579
687,0.0019296214450150728,0.9999427199363708,0.999921977519989,0.9999063611030579
688,0.0019244540017098188,0.9999427795410156,0.999921977519989,0.9999063611030579
689,0.0019192101899534464,0.9999427795410156,0.999921977519989,0.9999063611030579
690,0.0019140065414831042,0.9999427795410156,0.999921977519989,0.9999063611030579
691,0.0019088309491053224,0.9999428391456604,0.999921977519989,0.9999063611030579
692,0.00190357503015548,0.9999428391456604,0.999921977519989,0.9999063611030579
693,0.0018984732450917363,0.9999427795410156,0.999921977519989,0.9999063611030579
694,0.0018933616811409593,0.9999427795410156,0.999921977519989,0.9999063611030579
695,0.001888100290670991,0.9999427199363708,0.999921977519989,0.9999063611030579
696,0.0018830522894859314,0.9999427795410156,0.999921977519989,0.9999063611030579
697,0.0018780285026878119,0.9999427199363708,0.999921977519989,0.9999063611030579
698,0.001873031142167747,0.9999427795410156,0.999921977519989,0.9999063611030579
699,0.0018680091015994549,0.9999427795410156,0.999921977519989,0.9999063611030579
700,0.0018629353726282716,0.9999427795410156,0.999921977519989,0.9999063611030579
701,0.001857867813669145,0.9999428391456604,0.999921977519989,0.9999063611030579
702,0.0018528444925323129,0.9999427795410156,0.999921977519989,0.9999063611030579
703,0.0018477665726095438,0.9999427795410156,0.999921977519989,0.9999063611030579
704,0.0018429455813020468,0.9999427795410156,0.999921977519989,0.9999063611030579
705,0.001838097581639886,0.9999427795410156,0.999921977519989,0.9999063611030579
706,0.0018331940518692136,0.9999479055404663,0.999921977519989,0.999921977519989
707,0.0018284295219928026,0.9999479055404663,0.999921977519989,0.999921977519989
708,0.0018235375173389912,0.9999479055404663,0.999921977519989,0.999921977519989
709,0.0018187504028901458,0.9999479055404663,0.999921977519989,0.999921977519989
710,0.00181400787550956,0.9999478459358215,0.999921977519989,0.999921977519989
711,0.001809246139600873,0.9999479055404663,0.999921977519989,0.999921977519989
712,0.0018046066397801042,0.9999479055404663,0.999921977519989,0.999921977519989
713,0.0017998572438955307,0.9999479651451111,0.999921977519989,0.999921977519989
714,0.0017952261259779334,0.9999478459358215,0.999921977519989,0.999921977519989
715,0.0017904732376337051,0.9999478459358215,0.999921977519989,0.999921977519989
716,0.001785858883522451,0.9999478459358215,0.999921977519989,0.999921977519989
717,0.0017812891164794564,0.9999479055404663,0.999921977519989,0.999921977519989
718,0.0017766240052878857,0.9999479055404663,0.999921977519989,0.999921977519989
719,0.0017720541218295693,0.9999478459358215,0.999921977519989,0.999921977519989
720,0.0017674339469522238,0.9999479055404663,0.999921977519989,0.999921977519989
